{"cameraMode":{"drawMode":0,"name":"Shaded","section":"Shading Mode"},"sceneLighting":false,"audioPlay":false,"sceneViewState":{"m_AlwaysRefresh":false,"showFog":true,"showSkybox":false,"showFlares":true,"showImageEffects":true,"showParticleSystems":true,"showVisualEffectGraphs":true,"m_FxEnabled":true},"in2DMode":false,"pivot":{"x":24.652509689331056,"y":4.672774314880371,"z":1.7346760034561158},"rotation":{"x":-0.08142773061990738,"y":-0.6873559951782227,"z":0.07933635264635086,"w":-0.7166881561279297},"size":6.7554473876953129,"orthographic":false}