{"cameraMode":{"drawMode":0,"name":"Shaded","section":"Shading Mode"},"sceneLighting":false,"audioPlay":false,"sceneViewState":{"m_AlwaysRefresh":false,"showFog":true,"showSkybox":false,"showFlares":true,"showImageEffects":true,"showParticleSystems":true,"showVisualEffectGraphs":true,"m_FxEnabled":true},"in2DMode":false,"pivot":{"x":-23.278331756591798,"y":0.11620044708251953,"z":0.18635785579681397},"rotation":{"x":-0.10876645147800446,"y":0.7110447287559509,"z":-0.1149575337767601,"w":-0.6844483017921448},"size":22.321514129638673,"orthographic":false}