{"cameraMode":{"drawMode":0,"name":"Shaded","section":"Shading Mode"},"sceneLighting":false,"audioPlay":false,"sceneViewState":{"m_AlwaysRefresh":false,"showFog":true,"showSkybox":false,"showFlares":true,"showImageEffects":true,"showParticleSystems":true,"showVisualEffectGraphs":true,"m_FxEnabled":true},"in2DMode":false,"pivot":{"x":0.05111217498779297,"y":2.2612457275390627,"z":0.020593643188476564},"rotation":{"x":0.30115702748298647,"y":0.31939026713371279,"z":-0.1071254163980484,"w":0.8916198015213013},"size":12.641624450683594,"orthographic":false}