{"cameraMode":{"drawMode":0,"name":"Shaded","section":"Shading Mode"},"sceneLighting":false,"audioPlay":false,"sceneViewState":{"m_AlwaysRefresh":false,"showFog":true,"showSkybox":false,"showFlares":true,"showImageEffects":true,"showParticleSystems":true,"showVisualEffectGraphs":true,"m_FxEnabled":true},"in2DMode":false,"pivot":{"x":9.409716606140137,"y":2.3833231925964357,"z":3.54571533203125},"rotation":{"x":0.07489261776208878,"y":0.02721640095114708,"z":-0.0011629009386524559,"w":0.9965043067932129},"size":19.02629852294922,"orthographic":false}