{"cameraMode":{"drawMode":0,"name":"Shaded","section":"Shading Mode"},"sceneLighting":false,"audioPlay":false,"sceneViewState":{"m_AlwaysRefresh":false,"showFog":true,"showSkybox":false,"showFlares":true,"showImageEffects":true,"showParticleSystems":true,"showVisualEffectGraphs":true,"m_FxEnabled":true},"in2DMode":false,"pivot":{"x":-0.0050506591796875,"y":1.3911263942718506,"z":0.0017070770263671876},"rotation":{"x":0.11368584632873535,"y":0.028637738898396493,"z":-0.0024097636342048647,"w":0.9927865862846375},"size":11.836297988891602,"orthographic":false}