{"cameraMode":{"drawMode":0,"name":"Shaded","section":"Shading Mode"},"sceneLighting":false,"audioPlay":false,"sceneViewState":{"m_AlwaysRefresh":false,"showFog":true,"showSkybox":false,"showFlares":true,"showImageEffects":true,"showParticleSystems":true,"showVisualEffectGraphs":true,"m_FxEnabled":true},"in2DMode":false,"pivot":{"x":18.34197235107422,"y":9.405386924743653,"z":-0.2666459083557129},"rotation":{"x":-0.034070517867803577,"y":-0.18160882592201234,"z":-0.0054404763504862789,"w":0.982447624206543},"size":13.507182121276856,"orthographic":false}