{"cameraMode":{"drawMode":0,"name":"Shaded","section":"Shading Mode"},"sceneLighting":false,"audioPlay":false,"sceneViewState":{"m_AlwaysRefresh":false,"showFog":true,"showSkybox":false,"showFlares":true,"showImageEffects":true,"showParticleSystems":true,"showVisualEffectGraphs":true,"m_FxEnabled":true},"in2DMode":false,"pivot":{"x":1.358544111251831,"y":10.897947311401368,"z":-25.31678581237793},"rotation":{"x":-0.0011086969170719386,"y":-0.9993299841880798,"z":0.014965472742915154,"w":-0.018935734406113626},"size":26.115129470825197,"orthographic":false}