{"cameraMode":{"drawMode":0,"name":"Shaded","section":"Shading Mode"},"sceneLighting":false,"audioPlay":false,"sceneViewState":{"m_AlwaysRefresh":false,"showFog":true,"showSkybox":false,"showFlares":true,"showImageEffects":true,"showParticleSystems":true,"showVisualEffectGraphs":true,"m_FxEnabled":true},"in2DMode":false,"pivot":{"x":-15.737184524536133,"y":-7.942673206329346,"z":6.6263298988342289},"rotation":{"x":0.21539776027202607,"y":-0.6385220885276794,"z":0.19577424228191377,"w":0.7117504477500916},"size":28.310775756835939,"orthographic":false}